player,games,minutes,points,FGM,FGA,FG%,3PM,3PA,3P%,FTM,FTA,FT%,OREB,DREB,rebds.,assists,steals,blocks,TOV,PF,EFF,AST/,STL/,salary
Stephen Curry,56,1905,1751,572,1178,48.6,291,683,42.6,316,345,91.6,25,285,310,323,67,7,188,103,1635,1.72,0.36,43006362
Bradley Beal,55,1952,1707,607,1254,48.4,119,343,34.7,374,415,90.1,64,194,258,246,64,19,175,130,1431,1.41,0.37,28751775
Nikola Jokic,64,2243,1679,654,1152,56.8,89,216,41.2,282,328,86,182,518,700,546,89,43,200,168,2313,2.73,0.45,28542009
Damian Lillard,59,2116,1668,517,1187,43.6,238,630,37.8,396,427,92.7,29,222,251,446,55,16,184,96,1551,2.42,0.3,31626953
Luka Doncic,58,2040,1661,590,1214,48.6,171,484,35.3,310,426,72.8,47,416,463,515,58,34,250,138,1741,2.06,0.23,8049360
Zion Williamson,59,1952,1592,614,996,61.6,10,32,31.3,354,510,69.4,157,264,421,218,53,37,157,134,1626,1.39,0.34,10245480
Jayson Tatum,58,2082,1539,550,1197,45.9,171,435,39.3,268,307,87.3,44,383,427,255,66,24,157,108,1468,1.62,0.42,9897120
Devin Booker,60,2028,1535,564,1158,48.7,116,337,34.4,291,339,85.8,27,221,248,265,51,16,191,165,1282,1.39,0.27,29430000
Giannis Antetokounmpo,54,1787,1531,557,980,56.8,61,195,31.3,356,522,68.2,88,512,600,319,65,69,191,145,1804,1.67,0.34,27528090
Nikola Vucevic,64,2150,1525,617,1274,48.4,164,399,41.1,127,152,83.6,129,605,734,239,61,44,116,122,1805,2.06,0.53,26000000
Julius Randle,63,2356,1523,538,1159,46.4,143,339,42.2,304,376,80.9,79,571,650,373,60,16,214,198,1715,1.74,0.28,18900000
De'Aaron Fox,58,2036,1461,529,1110,47.7,103,320,32.2,300,417,71.9,33,170,203,417,87,27,174,170,1323,2.4,0.5,8099627
Zach LaVine,53,1867,1458,521,1030,50.6,182,437,41.6,234,276,84.8,32,238,270,269,43,27,193,124,1323,1.39,0.22,19500000
Jaylen Brown,58,1999,1430,538,1111,48.4,163,411,39.7,191,250,76.4,71,276,347,195,72,32,158,168,1286,1.23,0.46,22991071
Trae Young,56,1913,1430,432,995,43.4,129,359,35.9,437,498,87.8,35,181,216,527,50,11,236,103,1374,2.23,0.21,6571800
Brandon Ingram,59,2032,1418,503,1075,46.8,139,366,38,273,312,87.5,34,260,294,287,40,36,152,122,1312,1.89,0.26,27285000
Donovan Mitchell,53,1771,1401,478,1091,43.8,178,461,38.6,267,316,84.5,50,185,235,277,52,15,147,117,1171,1.88,0.35,5195501
Joel Embiid,45,1424,1319,419,818,51.2,53,141,37.6,428,501,85.4,102,383,485,133,46,62,140,110,1433,0.95,0.33,29542010
Kyrie Irving,48,1690,1285,487,976,49.9,126,331,38.1,185,200,92.5,51,187,238,304,64,28,121,122,1294,2.51,0.53,33329100
Collin Sexton,52,1854,1270,464,961,48.3,88,233,37.8,254,312,81.4,50,113,163,215,58,9,142,139,1018,1.51,0.41,4991880
Khris Middleton,62,2072,1262,466,982,47.5,141,331,42.6,189,212,89.2,50,322,372,340,70,9,165,147,1349,2.06,0.42,33051724
Russell Westbrook,57,2042,1250,476,1082,44,72,229,31.4,226,355,63.7,96,540,636,627,76,19,279,161,1594,2.25,0.27,41358814
Terry Rozier,61,2078,1240,449,985,45.6,201,506,39.7,141,170,82.9,37,221,258,251,74,25,113,106,1170,2.22,0.66,18900000
Anthony Edwards,65,2060,1205,438,1088,40.3,147,463,31.7,182,235,77.4,53,248,301,179,76,29,143,111,944,1.25,0.53,9757440
Kawhi Leonard,47,1612,1199,438,848,51.7,92,232,39.7,231,263,87.8,54,258,312,241,77,20,92,77,1315,2.62,0.84,34379100
Jerami Grant,53,1805,1191,395,922,42.8,115,325,35.4,286,337,84.9,35,211,246,151,35,56,106,124,995,1.43,0.33,19047619
Malcolm Brogdon,56,1930,1186,444,980,45.3,145,374,38.8,153,177,86.4,58,236,294,329,49,15,115,110,1198,2.86,0.43,20700000
Norman Powell,62,1957,1165,399,827,48.2,154,377,40.8,213,246,86.6,37,149,186,117,76,16,111,144,988,1.05,0.69,10865952
Andrew Wiggins,64,2118,1159,438,928,47.2,125,329,38,158,223,70.9,69,236,305,152,63,64,117,140,1071,1.3,0.54,29542010
Paul George,49,1646,1159,409,871,47,157,373,42.1,184,211,87.2,42,279,321,257,60,22,161,119,1169,1.6,0.37,35450412
DeMar DeRozan,53,1817,1149,393,803,48.9,18,73,24.7,345,390,88.5,39,194,233,390,47,13,104,109,1273,3.75,0.45,27739975
RJ Barrett,64,2225,1131,422,941,44.8,102,261,39.1,185,249,74.3,64,304,368,193,49,17,128,170,1047,1.51,0.38,8231760
Pascal Siakam,53,1892,1110,402,888,45.3,70,231,30.3,236,282,83.7,91,293,384,237,60,37,120,169,1176,1.98,0.5,29000000
Bam Adebayo,58,1944,1106,420,738,56.9,2,8,25,264,329,80.2,132,395,527,307,66,61,154,130,1530,1.99,0.43,5115492
Tobias Harris,55,1797,1082,422,818,51.6,75,187,40.1,163,183,89.1,54,329,383,201,50,48,100,109,1248,2.01,0.5,33517241
Domantas Sabonis,54,1922,1079,407,777,52.4,44,142,31,221,303,72.9,134,500,634,333,61,29,183,181,1501,1.82,0.33,17187500
LeBron James,43,1448,1077,400,779,51.3,101,276,36.6,176,251,70.1,25,313,338,336,45,25,162,68,1205,2.07,0.28,39219565
Karl-Anthony Towns,43,1474,1068,369,757,48.7,106,269,39.4,224,260,86.2,112,356,468,196,32,55,140,157,1255,1.4,0.23,29430000
Ja Morant,55,1764,1063,380,836,45.5,61,201,30.3,242,328,73.8,50,163,213,401,51,11,171,78,1026,2.35,0.3,9166800
James Harden,42,1558,1060,334,722,46.3,117,327,35.8,275,316,87,35,301,336,457,50,29,173,95,1330,2.64,0.29,40824000
Buddy Hield,63,2163,1050,359,882,40.7,251,639,39.3,81,96,84.4,25,264,289,206,54,27,110,161,978,1.87,0.49,24431818
Jordan Clarkson,60,1570,1042,379,913,41.5,178,518,34.4,106,115,92.2,43,194,237,138,53,9,100,91,836,1.38,0.53,11500000
Jimmy Butler,48,1622,1031,340,689,49.3,19,93,20.4,332,384,86.5,87,249,336,345,100,18,101,67,1328,3.42,0.99,34379100
Bojan Bogdanovic,64,1958,1029,336,790,42.5,158,411,38.4,199,227,87.7,34,211,245,121,38,4,102,101,853,1.19,0.37,17850000
Chris Paul,63,1986,1021,389,787,49.4,91,237,38.4,152,163,93.3,24,262,286,552,88,15,143,146,1410,3.86,0.62,41358814
Michael Porter Jr.,54,1702,1019,389,717,54.3,145,327,44.3,96,123,78,86,322,408,60,32,54,64,111,1154,0.94,0.5,3550800
Jamal Murray,48,1704,1018,378,792,47.7,129,316,40.8,133,153,86.9,37,157,194,231,64,13,108,95,978,2.14,0.59,29250000
Dillon Brooks,59,1733,994,373,889,42,111,322,34.5,137,163,84,47,125,172,135,68,22,110,205,739,1.23,0.62,11400000
Tim Hardaway Jr.,62,1753,991,348,797,43.7,174,456,38.2,121,150,80.7,17,188,205,106,27,9,58,100,802,1.83,0.47,18975000
John Collins,56,1673,989,386,702,55,70,184,38,147,176,83.5,111,313,424,75,31,56,73,172,1157,1.03,0.43,4137302
Fred VanVleet,50,1813,970,321,821,39.1,165,450,36.7,163,184,88.6,30,182,212,310,83,36,91,115,999,3.41,0.91,21250000
Darius Garland,53,1778,938,361,799,45.2,104,264,39.4,112,132,84.8,23,106,129,327,65,6,163,110,844,2.01,0.4,6720720
Dejounte Murray,59,1893,936,389,858,45.3,61,181,33.7,97,120,80.8,50,372,422,318,93,6,101,126,1182,3.15,0.92,14285714
Deandre Ayton,64,1959,935,403,651,61.9,4,20,20,125,164,76.2,214,468,682,92,37,71,98,186,1432,0.94,0.38,10018200
Harrison Barnes,58,2102,933,319,642,49.7,100,256,39.1,195,235,83,64,321,385,201,43,11,93,75,1117,2.16,0.46,22215909
Joe Harris,65,2008,928,340,666,51.1,201,419,48,47,61,77,41,189,230,123,44,14,55,129,944,2.24,0.8,16071429
Jonas Valanciunas,55,1537,928,385,664,58,21,55,38.2,137,180,76.1,223,455,678,100,31,42,91,158,1366,1.1,0.34,15000000
Dennis Schroder,59,1901,915,324,740,43.8,67,200,33.5,200,237,84.4,30,177,207,343,68,13,160,155,933,2.14,0.43,15500000
CJ McCollum,39,1320,904,337,737,45.7,142,358,39.7,88,107,82.2,25,136,161,183,39,18,54,76,832,3.39,0.72,29354152
Coby White,61,1888,903,325,787,41.3,131,380,34.5,122,134,91,23,224,247,284,34,13,137,159,870,2.07,0.25,5572680
Rudy Gobert,63,1949,900,346,510,67.8,0,3,0,208,335,62.1,210,635,845,79,34,177,103,148,1641,0.77,0.33,26525281
Jrue Holiday,52,1672,899,359,713,50.4,94,243,38.7,87,112,77.7,65,171,236,301,90,29,113,89,1063,2.66,0.8,26131111
Clint Capela,57,1720,876,379,641,59.1,0,0,0,118,208,56.7,275,552,827,46,40,119,65,130,1491,0.71,0.62,16000000
Montrezl Harrell,63,1487,870,352,561,62.7,0,10,0,166,234,70.9,148,254,402,68,45,47,70,122,1085,0.97,0.64,9258000
Gordon Hayward,44,1496,863,311,658,47.3,85,205,41.5,156,185,84.3,37,221,258,181,52,14,91,74,901,1.99,0.57,28500000
Christian Wood,41,1326,860,329,640,51.4,77,206,37.4,125,198,63.1,76,319,395,71,34,48,80,88,944,0.89,0.43,13015874
Carmelo Anthony,63,1558,858,305,725,42.1,120,298,40.3,128,145,88.3,31,171,202,96,45,35,59,130,740,1.63,0.76,2564753
Kelly Oubre Jr.,55,1688,849,318,724,43.9,90,285,31.6,123,177,69.5,82,247,329,73,57,42,70,121,820,1.04,0.81,14375000
Mikal Bridges,64,2094,847,318,598,53.2,116,285,40.7,95,116,81.9,69,208,277,139,65,55,51,103,1031,2.73,1.28,4359000
Duncan Robinson,65,2064,845,284,649,43.8,225,556,40.5,52,64,81.3,5,223,228,113,35,16,72,164,788,1.57,0.49,1663861
Gary Trent Jr.,55,1699,836,304,733,41.5,157,404,38.9,71,91,78,22,117,139,77,54,9,41,84,625,1.88,1.32,1663861
Shai Gilgeous-Alexander,35,1180,830,287,565,50.8,71,170,41.8,185,229,80.8,19,147,166,207,27,23,106,70,825,1.95,0.26,4141320
John Wall,40,1288,823,293,726,40.4,79,249,31.7,158,211,74.9,17,112,129,275,42,31,141,46,673,1.95,0.3,41254920
Kelly Olynyk,64,1817,814,301,618,48.7,114,341,33.4,98,118,83.1,77,360,437,159,68,37,108,184,1070,1.47,0.63,12198243
Mike Conley,49,1459,806,278,623,44.6,134,329,40.7,116,136,85.3,35,134,169,293,67,9,98,94,881,2.99,0.68,34504132
Chris Boucher,59,1415,802,283,545,51.9,88,226,38.9,148,188,78.7,116,281,397,63,34,110,46,164,1058,1.37,0.74,6490385
Richaun Holmes,55,1624,798,335,520,64.4,2,11,18.2,126,159,79.2,137,339,476,88,34,86,68,196,1196,1.29,0.5,5005350
Miles Bridges,64,1858,793,295,583,50.6,109,269,40.5,94,109,86.2,79,309,388,143,43,48,103,137,1009,1.39,0.42,3934320
Kyle Lowry,46,1602,791,260,596,43.6,131,331,39.6,140,160,87.5,35,212,247,338,45,14,126,143,953,2.68,0.36,30000000
Kevin Durant,28,921,788,272,496,54.8,75,157,47.8,169,193,87.6,11,179,190,145,20,34,100,56,829,1.45,0.2,39058950
Josh Jackson,58,1456,783,282,663,42.5,72,237,30.4,147,203,72.4,52,181,233,129,49,42,131,166,668,0.99,0.37,4767000
Kyle Kuzma,61,1746,783,300,685,43.8,126,347,36.3,57,83,68.7,104,279,383,109,31,39,102,108,832,1.07,0.3,3562178
Keldon Johnson,60,1743,780,301,621,48.5,54,158,34.2,124,171,72.5,84,299,383,106,37,24,66,129,897,1.61,0.56,2048040
Kevin Huerter,63,1966,770,295,675,43.7,131,357,36.7,49,62,79,35,173,208,220,78,16,75,153,824,2.93,1.04,2761920
Doug McDermott,57,1381,764,300,563,53.3,94,244,38.5,70,86,81.4,58,143,201,76,18,4,45,96,739,1.69,0.4,7333333
Ben Simmons,52,1697,755,293,530,55.3,3,10,30,166,274,60.6,86,300,386,361,85,34,163,156,1113,2.22,0.52,29250000
Tyrese Haliburton,58,1746,753,292,619,47.2,121,296,40.9,48,56,85.7,39,134,173,309,77,28,92,83,913,3.36,0.84,3831840
Eric Bledsoe,63,1879,752,264,634,41.6,111,321,34.6,113,160,70.6,26,187,213,230,48,19,101,101,744,2.28,0.48,16875000
Caris LeVert,39,1199,750,288,648,44.4,68,214,31.8,106,134,79.1,29,142,171,184,54,23,74,82,720,2.49,0.73,16203704
Brook Lopez,63,1720,748,279,568,49.1,91,266,34.2,99,116,85.3,88,219,307,48,38,94,58,134,871,0.83,0.66,12697675
Jalen Brunson,60,1513,748,286,551,51.9,67,174,38.5,109,138,79,27,185,212,206,30,0,72,96,830,2.86,0.42,1663861
Kyle Anderson,61,1657,745,270,583,46.3,80,229,34.9,125,160,78.1,49,312,361,212,77,49,75,106,1021,2.83,1.03,9505100
Devonte' Graham,51,1531,740,231,618,37.4,163,437,37.3,115,140,82.1,19,118,137,275,47,6,81,73,712,3.4,0.58,1663861
Enes Kanter,64,1614,739,311,514,60.5,0,1,0,117,150,78,262,459,721,80,32,44,74,156,1306,1.08,0.43,5005350
Shake Milton,56,1316,737,270,603,44.8,62,177,35,135,161,83.9,31,98,129,168,35,14,96,119,628,1.75,0.37,1701593
Thaddeus Young,60,1452,730,331,574,57.7,10,37,27,58,92,63,147,222,369,259,68,33,118,142,1064,2.2,0.58,13545000
P.J. Washington,57,1710,728,266,593,44.9,96,242,39.7,100,133,75.2,79,277,356,145,55,73,117,152,880,1.24,0.47,4023600
Jae'Sean Tate,65,1909,726,292,569,51.3,52,175,29.7,90,129,69.8,124,224,348,152,84,34,86,206,942,1.77,0.98,1445967
Joe Ingles,59,1626,724,245,486,50.4,167,353,47.3,67,80,83.8,26,189,215,265,38,12,101,108,899,2.62,0.38,10863637
Malik Beasley,37,1214,724,264,600,44,128,321,39.9,68,80,85,28,134,162,88,30,7,60,62,603,1.47,0.5,13325895
Jarrett Allen,55,1612,723,268,418,64.1,5,14,35.7,182,256,71.1,168,381,549,89,27,84,85,87,1163,1.05,0.32,3909902
Lonzo Ball,50,1577,720,261,620,42.1,154,407,37.8,44,56,78.6,28,204,232,292,76,29,108,96,870,2.7,0.7,11003782
Saddiq Bey,62,1624,720,232,576,40.3,148,389,38,108,126,85.7,36,232,268,82,47,11,50,96,716,1.64,0.94,2689920
Terrence Ross,46,1347,717,254,616,41.2,89,264,33.7,120,138,87,15,143,158,108,47,21,74,88,597,1.46,0.64,13500000
Kendrick Nunn,50,1473,716,278,582,47.8,112,289,38.8,48,52,92.3,18,141,159,137,49,12,74,98,691,1.85,0.66,1663861
Tyler Herro,48,1472,715,268,627,42.7,90,262,34.4,89,110,80.9,23,210,233,162,34,17,91,61,690,1.78,0.37,3822240
Will Barton,56,1736,711,259,608,42.6,98,257,38.1,95,121,78.5,39,187,226,181,50,23,96,95,720,1.89,0.52,13920000
Kemba Walker,39,1227,710,244,597,40.9,110,316,34.8,112,122,91.8,13,141,154,195,43,11,80,55,670,2.44,0.54,34379100
Naz Reid,63,1207,703,270,519,52,55,154,35.7,108,153,70.6,69,213,282,64,31,67,62,160,791,1.03,0.5,1517981
Lou Williams,59,1314,699,246,599,41.1,64,162,39.5,143,166,86.1,20,103,123,201,47,6,97,58,603,2.07,0.49,8000000
Luguentz Dort,49,1469,696,236,597,39.5,107,308,34.7,117,156,75,33,146,179,80,44,19,76,125,542,1.05,0.58,1517981
Dwayne Bacon,64,1649,690,255,632,40.3,56,188,29.8,124,148,83.8,23,168,191,78,40,4,41,93,561,1.9,0.98,1678854
Immanuel Quickley,59,1154,690,217,547,39.7,111,284,39.1,145,162,89.5,24,106,130,126,29,12,54,106,586,2.33,0.54,2105520
Rui Hachimura,51,1605,688,264,559,47.2,40,122,32.8,120,156,76.9,44,237,281,75,42,5,63,111,697,1.19,0.67,4692840
OG Anunoby,43,1433,682,249,519,48,104,261,39.8,80,102,78.4,54,183,237,94,66,32,75,114,744,1.25,0.88,3872215
Patty Mills,60,1523,678,233,561,41.5,148,394,37.6,64,71,90.1,18,88,106,148,40,3,57,73,583,2.6,0.7,13285714
LaMelo Ball,43,1232,677,247,550,44.9,82,223,36.8,101,130,77.7,54,199,253,264,70,17,125,121,824,2.11,0.56,7839960
Bobby Portis,59,1251,675,281,532,52.8,68,142,47.9,45,60,75,106,315,421,67,47,23,51,108,916,1.31,0.92,3623000
D'Angelo Russell,35,977,664,238,547,43.5,100,258,38.8,88,113,77.9,11,75,86,191,36,14,97,62,560,1.97,0.37,28649250
Darius Bazley,49,1531,659,245,602,40.7,72,249,28.9,97,142,68.3,44,317,361,82,26,25,106,58,645,0.77,0.25,2399160
Jeff Green,61,1671,652,227,476,47.7,85,220,38.6,113,143,79,30,210,240,103,35,25,47,110,729,2.19,0.75,2564753
Victor Oladipo,33,1080,652,235,576,40.8,78,239,32.6,104,138,75.4,12,148,160,151,46,14,83,81,565,1.82,0.55,21000000
Justin Holiday,63,1915,647,221,547,40.4,149,399,37.3,56,71,78.9,29,197,226,105,73,29,49,118,690,2.14,1.49,5720400
Reggie Jackson,61,1401,644,237,528,44.9,106,242,43.8,64,79,81,23,152,175,193,38,6,69,122,681,2.8,0.55,2331593
Seth Curry,51,1466,626,227,498,45.6,108,247,43.7,64,71,90.1,10,103,113,137,40,8,60,83,586,2.28,0.67,7813953
Bryn Forbes,63,1218,625,223,479,46.6,136,307,44.3,43,55,78.2,11,90,101,38,22,0,37,66,481,1.03,0.6,2337145
Rudy Gay,55,1203,625,231,549,42.1,91,235,38.7,72,91,79.1,39,228,267,80,38,31,59,105,645,1.36,0.64,14000000
Anthony Davis,29,930,617,243,482,50.4,21,81,25.9,110,154,71.4,53,180,233,89,38,52,58,53,688,1.53,0.66,32742000
Josh Richardson,51,1605,617,225,534,42.1,76,240,31.7,91,100,91,43,135,178,139,48,22,72,121,614,1.93,0.67,10800000
Elfrid Payton,55,1364,612,257,581,44.2,28,94,29.8,70,102,68.6,63,130,193,187,43,9,93,100,595,2.01,0.46,5760000
Lauri Markkanen,43,1143,608,220,462,47.6,100,256,39.1,68,81,84,31,201,232,39,20,12,44,63,612,0.89,0.46,6731508
Andre Drummond,38,1049,604,248,507,48.9,0,8,0,108,176,61.4,139,331,470,84,58,41,109,118,821,0.77,0.53,29546311
Derrick Rose,43,1077,604,233,515,45.2,40,109,36.7,98,115,85.2,16,88,104,179,44,18,64,49,586,2.8,0.69,7682927
Evan Fournier,36,1064,601,202,454,44.5,93,239,38.9,104,131,79.4,7,98,105,114,41,14,67,80,529,1.7,0.61,17000000
Reggie Bullock,57,1649,600,212,476,44.5,139,336,41.4,37,42,88.1,13,178,191,84,44,9,39,127,620,2.15,1.13,4200000
Danilo Gallinari,45,1070,595,176,417,42.2,92,228,40.4,151,161,93.8,15,164,179,63,23,7,41,93,575,1.54,0.56,19500000
Marcus Smart,44,1453,594,189,473,40,89,265,33.6,127,159,79.9,34,118,152,250,67,21,82,113,686,3.05,0.82,13446428
Ivica Zubac,65,1461,593,233,362,64.4,0,3,0,127,162,78.4,177,297,474,81,24,56,75,170,989,1.08,0.32,7000000
Myles Turner,47,1455,592,206,432,47.7,69,206,33.5,111,142,78.2,63,243,306,48,40,159,67,165,821,0.72,0.6,18000000
Donte DiVincenzo,59,1617,591,219,535,40.9,111,298,37.2,42,57,73.7,71,258,329,179,66,13,82,95,765,2.18,0.81,3044160
Danny Green,62,1749,587,202,488,41.4,156,385,40.5,27,35,77.1,51,181,232,106,82,53,62,117,704,1.71,1.32,15365854
Daniel Theis,61,1485,585,237,435,54.5,44,143,30.8,67,102,65.7,82,245,327,101,36,54,61,154,809,1.66,0.59,5000000
Bogdan Bogdanovic,38,1108,579,216,475,45.5,114,274,41.6,33,37,89.2,18,126,144,124,37,10,49,85,582,2.53,0.76,18000000
Patrick Williams,63,1776,579,226,472,47.9,48,124,38.7,79,107,73.8,54,233,287,87,55,40,86,114,688,1.01,0.64,7068360
Wendell Carter Jr.,50,1276,575,218,423,51.5,14,45,31.1,125,171,73.1,120,285,405,98,34,39,75,137,825,1.31,0.45,5448840
Goran Dragic,44,1173,572,205,474,43.2,72,205,35.1,90,109,82.6,21,131,152,198,31,8,105,98,568,1.89,0.3,18000000
Aaron Gordon,44,1236,569,209,449,46.5,57,164,34.8,94,144,65.3,67,189,256,151,29,30,91,81,654,1.66,0.32,18136364
Mason Plumlee,55,1474,569,228,372,61.3,0,7,0,113,169,66.9,142,371,513,197,42,48,104,182,1065,1.89,0.4,8000000
Cameron Johnson,58,1388,564,200,465,43,116,323,35.9,48,57,84.2,32,160,192,84,33,16,40,83,575,2.1,0.83,4235160
Kentavious Caldwell-Pope,59,1640,562,190,444,42.8,105,254,41.3,77,89,86.5,23,129,152,100,53,20,57,96,564,1.75,0.93,12073020
Alec Burks,44,1134,553,184,444,41.4,89,218,40.8,96,111,86.5,19,179,198,96,30,12,44,91,570,2.18,0.68,6000000
Derrick White,36,1064,553,186,453,41.1,84,243,34.6,97,114,85.1,13,94,107,127,26,36,45,91,520,2.82,0.58,3516284
Brandon Clarke,52,1282,550,232,448,51.8,19,68,27.9,67,98,68.4,78,207,285,89,54,43,31,74,743,2.87,1.74,2602920
Davis Bertans,49,1219,547,160,397,40.3,143,358,39.9,84,95,88.4,17,130,147,41,29,13,27,116,502,1.52,1.07,15000000
Marvin Bagley III,39,1006,547,223,441,50.6,36,100,36,65,114,57,96,192,288,39,21,19,54,92,593,0.72,0.39,8963640
Robin Lopez,63,1210,541,225,355,63.4,5,18,27.8,86,121,71.1,122,118,240,52,14,37,66,97,653,0.79,0.21,7300000
Cedi Osman,54,1344,540,192,522,36.8,88,292,30.1,68,87,78.2,36,145,181,152,49,9,64,104,518,2.38,0.77,8750000
Jae Crowder,55,1508,539,179,446,40.1,130,341,38.1,51,67,76.1,30,236,266,118,44,23,52,108,655,2.27,0.85,9258000
Robert Covington,62,1991,539,186,457,40.7,120,314,38.2,47,57,82.5,54,363,417,104,89,76,62,168,882,1.68,1.44,12138345
Delon Wright,55,1475,532,193,421,45.8,49,133,36.8,97,122,79.5,52,170,222,229,82,23,66,64,769,3.47,1.24,9000000
Desmond Bane,59,1304,531,198,425,46.6,99,223,44.4,36,43,83.7,28,153,181,97,34,11,51,116,569,1.9,0.67,1936440
Grayson Allen,48,1227,528,173,409,42.3,107,270,39.6,75,87,86.2,18,137,155,103,45,8,47,71,544,2.19,0.96,2545320
Jakob Poeltl,61,1624,523,232,368,63,0,0,0,59,117,50.4,200,287,487,113,40,107,80,153,996,1.41,0.5,8101852
Hamidou Diallo,48,1094,520,193,412,46.8,21,64,32.8,113,177,63.8,55,186,241,95,40,21,70,123,564,1.36,0.57,1663861
Landry Shamet,54,1220,519,170,409,41.6,117,298,39.3,62,72,86.1,9,92,101,84,27,8,46,83,444,1.83,0.59,2090040
Ricky Rubio,61,1595,515,168,440,38.2,57,183,31.1,122,141,86.5,24,174,198,397,91,3,103,127,810,3.85,0.88,17000000
Talen Horton-Tucker,59,1153,515,199,439,45.3,31,120,25.8,86,110,78.2,22,135,157,152,56,20,87,115,549,1.75,0.64,1517981
Dorian Finney-Smith,52,1689,509,188,406,46.3,105,266,39.5,28,35,80,90,201,291,85,49,22,38,122,693,2.24,1.29,4000000
Isaac Okoro,59,1875,508,185,439,42.1,49,172,28.5,89,122,73,60,110,170,102,59,23,77,163,498,1.33,0.77,6400920
Bruce Brown,58,1278,500,203,372,54.6,16,55,29.1,78,106,73.6,97,201,298,90,53,21,50,131,715,1.8,1.06,1663861
Nicolas Batum,61,1705,494,173,379,45.6,102,250,40.8,46,54,85.2,48,244,292,139,64,33,51,98,757,2.73,1.26,11608231
Kenrich Williams,64,1373,493,205,387,53,47,109,43.1,36,63,57.1,83,183,266,143,50,15,72,136,686,1.99,0.69,2000000
Isaiah Roby,54,1269,489,188,383,49.1,31,95,32.6,82,110,74.5,85,228,313,101,48,34,101,145,661,1,0.48,1517981
Raul Neto,58,1231,488,186,398,46.7,57,148,38.5,59,69,85.5,25,119,144,127,65,4,48,92,558,2.65,1.35,1882867
Cole Anthony,39,1064,484,177,446,39.7,46,139,33.1,84,102,82.4,33,148,181,169,26,17,79,83,511,2.14,0.33,3285120
Furkan Korkmaz,51,996,482,163,399,40.9,97,252,38.5,59,81,72.8,15,90,105,73,48,9,43,59,416,1.7,1.12,1762796
Eric Gordon,27,789,481,159,367,43.3,69,210,32.9,94,114,82.5,8,50,58,71,14,13,51,44,358,1.39,0.28,16869276
Cory Joseph,60,1361,480,184,392,46.9,43,125,34.4,69,85,81.2,33,115,148,194,58,16,72,131,600,2.69,0.81,12600000
T.J. McConnell,60,1525,480,221,399,55.4,13,39,33.3,25,38,65.8,42,168,210,392,107,20,111,97,907,3.53,0.96,3500000
Luke Kennard,58,1137,475,179,374,47.9,93,202,46,24,29,82.8,14,140,154,98,20,9,45,85,511,2.18,0.44,5273826
Isaiah Stewart,62,1281,470,201,349,57.6,15,37,40.5,53,77,68.8,149,261,410,52,34,75,61,165,808,0.85,0.56,3121080
Jordan Poole,43,800,469,159,382,41.6,75,217,34.6,76,86,88.4,9,62,71,85,24,7,41,70,382,2.07,0.59,2063280
Anfernee Simons,56,934,458,153,359,42.6,112,254,44.1,40,51,78.4,12,107,119,82,17,7,38,81,428,2.16,0.45,2252040
Payton Pritchard,59,1142,455,164,363,45.2,88,211,41.7,39,43,90.7,31,107,138,107,32,9,51,96,487,2.1,0.63,2035800
Paul Millsap,51,1061,454,173,357,48.5,45,129,34.9,63,88,71.6,70,176,246,86,43,35,44,102,611,1.96,0.98,10000000
Monte Morris,44,1151,453,174,365,47.7,49,130,37.7,56,71,78.9,11,84,95,141,31,13,32,45,495,4.41,0.97,1663861
James Wiseman,39,836,448,191,368,51.9,12,38,31.6,54,86,62.8,55,171,226,26,11,36,60,121,478,0.43,0.18,8730240
Malik Monk,34,744,441,156,339,46,75,174,43.1,54,66,81.8,13,74,87,68,18,4,48,43,375,1.42,0.38,5345687
Royce O'Neale,63,2005,437,153,345,44.3,95,246,38.6,36,42,85.7,76,366,442,161,49,29,72,168,848,2.24,0.68,8035714
Steven Adams,57,1581,437,189,305,62,0,3,0,59,133,44.4,212,294,506,109,54,37,78,113,875,1.4,0.69,27528090
Dwight Howard,62,1074,435,160,273,58.6,4,18,22.2,111,192,57.8,170,351,521,53,27,58,103,181,797,0.52,0.26,2564753
Josh Hart,47,1350,434,151,344,43.9,63,193,32.6,69,89,77.5,53,324,377,109,38,12,49,111,708,2.22,0.78,3491159
Aaron Holiday,61,1053,433,154,398,38.7,63,170,37.1,62,75,82.7,11,67,78,105,40,11,57,89,353,1.84,0.7,2345640
Blake Griffin,39,1019,429,145,356,40.7,60,181,33.1,79,107,73.8,27,172,199,121,28,13,56,94,495,2.16,0.5,33685241
Serge Ibaka,39,919,427,176,347,50.7,38,108,35.2,37,45,82.2,68,193,261,68,9,46,44,74,588,1.55,0.21,9258000
Terance Mann,62,1205,424,160,328,48.8,36,87,41.4,68,83,81.9,54,178,232,100,28,13,39,121,575,2.56,0.72,1517984
DeAndre Jordan,55,1225,423,190,248,76.6,0,1,0,43,84,51.2,115,300,415,91,17,65,81,112,831,1.12,0.21,10375678
Wayne Ellington,44,962,421,142,319,44.5,109,259,42.1,28,35,80,12,70,82,63,17,9,29,59,379,2.17,0.59,3005225
De'Anthony Melton,43,884,420,154,342,45,76,177,42.9,36,46,78.3,27,116,143,115,53,26,51,74,508,2.26,1.04,7812500
Nickeil Alexander-Walker,41,851,420,158,378,41.8,65,187,34.8,39,52,75,10,116,126,81,40,21,57,77,398,1.42,0.7,3113160
Pat Connaughton,61,1399,419,151,341,44.3,91,237,38.4,26,35,74.3,57,231,288,73,44,21,29,91,617,2.52,1.52,4938272
Sterling Brown,51,1229,416,150,335,44.8,91,215,42.3,25,31,80.6,38,186,224,72,38,12,41,97,530,1.76,0.93,1678854
Kevin Porter Jr.,25,812,415,150,354,42.4,48,156,30.8,67,90,74.4,20,78,98,159,19,8,89,59,383,1.79,0.21,2033160
JaMychal Green,50,938,414,152,319,47.6,70,168,41.7,40,48,83.3,74,171,245,40,24,19,46,124,521,0.87,0.52,7199760
Tomas Satoransky,52,1199,414,155,301,51.5,40,108,37,64,74,86.5,27,102,129,247,40,12,90,82,596,2.74,0.44,10000000
Tyus Jones,61,1108,408,166,383,43.3,41,131,31.3,35,38,92.1,21,105,126,236,59,6,43,28,572,5.49,1.37,7965100
Georges Niang,64,971,400,143,335,42.7,101,245,41.2,13,13,100,26,131,157,50,18,8,46,100,395,1.09,0.39,1783557
Tyrese Maxey,54,784,399,166,362,45.9,24,87,27.6,43,50,86,9,72,81,90,19,9,34,65,361,2.65,0.56,2478840
Al Horford,28,782,398,162,360,45,56,152,36.8,18,22,81.8,29,159,188,94,25,26,29,48,500,3.24,0.86,27500000
Kent Bazemore,59,1094,397,143,324,44.1,64,152,42.1,47,69,68.1,25,169,194,95,60,29,70,133,502,1.36,0.86,2320044
Cameron Payne,52,907,393,149,322,46.3,55,135,40.7,40,46,87,15,109,124,183,30,13,54,86,510,3.39,0.56,1977011
Jaden McDaniels,58,1387,392,150,338,44.4,66,179,36.9,26,43,60.5,49,169,218,64,33,54,43,157,513,1.49,0.77,1964760
Terence Davis,53,842,392,145,344,42.2,75,205,36.6,27,33,81.8,14,100,114,62,30,11,50,77,354,1.24,0.6,1517981
Taurean Prince,41,905,389,131,327,40.1,62,155,40,65,76,85.5,19,123,142,76,28,23,47,75,404,1.62,0.6,13942308
Tristan Thompson,50,1171,387,159,307,51.8,0,3,0,69,114,60.5,158,249,407,64,20,30,57,108,658,1.12,0.35,9258000
Markieff Morris,56,1127,385,145,350,41.4,62,199,31.2,33,44,75,45,204,249,64,20,19,51,98,470,1.26,0.39,2331593
Khem Birch,60,1298,384,148,301,49.2,10,37,27,78,112,69.6,155,180,335,74,43,42,34,93,657,2.18,1.27,3425463
Denzel Valentine,57,979,382,147,390,37.7,74,228,32.5,14,15,93.3,24,166,190,95,30,6,41,66,418,2.32,0.73,4642800
Alex Len,56,860,379,154,247,62.3,8,25,32,63,105,60,66,155,221,45,15,57,53,112,529,0.85,0.28,4032648
Derrick Jones Jr.,54,1263,378,140,293,47.8,43,133,32.3,55,86,64,76,125,201,43,36,53,29,118,498,1.48,1.24,9268293
Garrett Temple,48,1305,375,140,332,42.2,60,178,33.7,35,43,81.4,23,109,132,109,38,22,52,110,424,2.1,0.73,4767000
Edmond Sumner,50,802,374,139,263,52.9,33,85,38.8,63,78,80.8,17,71,88,46,31,10,46,81,364,1,0.67,2160000
Damion Lee,57,1079,373,128,274,46.7,77,194,39.7,40,44,90.9,22,158,180,73,38,8,30,89,492,2.43,1.27,1762796
Trey Burke,54,807,373,138,311,44.4,54,144,37.5,43,49,87.8,6,40,46,75,34,5,30,56,324,2.5,1.13,3174603
Draymond Green,56,1734,370,143,332,43.1,28,113,24.8,56,72,77.8,48,337,385,482,92,45,166,177,1003,2.9,0.55,22246956
Eric Paschall,39,676,369,144,293,49.1,17,53,32.1,64,89,71.9,27,97,124,51,12,7,41,65,348,1.24,0.29,1517981
Jeremy Lamb,36,765,363,120,276,43.5,52,128,40.6,71,75,94.7,25,106,131,53,34,23,22,72,422,2.41,1.55,10500000
Jaylen Nowell,38,714,361,136,318,42.8,47,139,33.8,42,51,82.4,18,71,89,59,21,10,27,68,322,2.19,0.78,1517981
Ben McLemore,45,758,358,118,315,37.5,83,239,34.7,39,53,73.6,15,73,88,34,22,6,39,80,258,0.87,0.56,2852708
Cody Zeller,40,819,358,143,263,54.4,4,26,15.4,68,93,73.1,100,169,269,74,23,14,41,93,552,1.81,0.56,15415730
D.J. Augustin,51,981,356,110,286,38.5,67,179,37.4,69,74,93.2,18,64,82,166,26,1,55,51,395,3.02,0.47,6666667
LaMarcus Aldridge,26,674,352,140,296,47.3,31,80,38.8,41,47,87.2,19,99,118,49,11,29,27,47,370,1.82,0.41,19078340
Chuma Okeke,45,1133,349,135,324,41.7,49,141,34.8,30,40,75,42,139,181,101,48,22,38,48,464,2.66,1.26,3121080
Maxi Kleber,48,1308,345,113,266,42.5,85,205,41.5,34,37,91.9,43,207,250,64,24,34,30,104,531,2.13,0.8,8250000
Deni Avdija,54,1257,342,130,312,41.7,53,168,31.5,29,45,64.4,22,240,262,63,32,15,33,140,483,1.91,0.97,4469160
Mike Muscala,35,645,339,119,267,44.6,68,184,37,33,36,91.7,19,113,132,28,8,11,21,54,346,1.33,0.38,2283034
Jaxson Hayes,52,786,338,131,201,65.2,3,7,42.9,73,92,79.3,69,136,205,27,19,27,33,91,494,0.82,0.58,5105160
Facundo Campazzo,58,1205,332,101,258,39.1,67,180,37.2,63,73,86.3,18,84,102,189,61,12,62,120,467,3.05,0.98,3623000
Derrick Favors,60,921,331,138,218,63.3,0,2,0,55,74,74.3,126,206,332,42,30,61,34,132,663,1.24,0.88,9258000
Larry Nance Jr.,35,1091,327,128,272,47.1,41,114,36,30,49,61.2,54,181,235,107,61,17,55,72,529,1.95,1.11,11709091
DeMarcus Cousins,35,637,323,111,274,40.5,45,130,34.6,56,78,71.8,48,193,241,72,25,22,58,94,440,1.24,0.43,2666959
Ty Jerome,31,746,322,117,264,44.3,66,158,41.8,22,30,73.3,10,76,86,113,19,6,47,57,344,2.4,0.4,2303040
Jeff Teague,49,861,321,107,252,42.5,30,74,40.5,77,90,85.6,13,68,81,118,28,10,54,54,346,2.19,0.52,3372826
De'Andre Hunter,20,625,320,112,223,50.2,31,87,35.6,65,75,86.7,16,86,102,42,18,10,27,53,344,1.56,0.67,7422000
Gary Harris,31,916,319,112,281,39.9,37,112,33,58,72,80.6,17,53,70,67,25,9,30,64,277,2.23,0.83,19160714
Jusuf Nurkic,29,677,318,126,249,50.6,10,26,38.5,56,86,65.1,62,186,248,94,28,26,59,83,502,1.59,0.48,12000000
Aleksej Pokusevski,41,959,309,117,360,32.5,48,185,25.9,27,34,79.4,29,161,190,87,19,41,80,52,316,1.09,0.24,2964840
Alex Caruso,52,1067,307,108,252,42.9,48,120,40,43,65,66.2,27,124,151,133,58,13,63,94,433,2.11,0.92,2750000
Daniel Gafford,46,661,307,126,184,68.5,0,0,0,55,87,63.2,78,117,195,23,22,63,35,82,485,0.66,0.63,1517981
Brad Wanamaker,57,958,305,106,281,37.7,16,84,19,77,87,88.5,14,80,94,159,39,11,67,87,356,2.37,0.58,2250000
Moses Brown,36,732,305,120,215,55.8,0,0,0,65,105,61.9,120,183,303,7,24,34,38,77,500,0.18,0.63,495102
Solomon Hill,64,1392,298,101,283,35.7,64,200,32,32,42,76.2,40,155,195,65,46,11,40,109,383,1.63,1.15,2174318
Bismack Biyombo,58,1201,297,126,216,58.3,0,1,0,45,101,44.6,121,185,306,73,16,66,59,123,553,1.24,0.27,2331593
Mo Bamba,40,570,294,116,238,48.7,34,93,36.6,28,43,65.1,58,143,201,25,10,46,29,73,410,0.86,0.35,5969040
Dean Wade,55,957,293,106,248,42.7,63,171,36.8,18,23,78.3,30,139,169,63,25,19,21,60,401,3,1.19,1517981
Hassan Whiteside,36,546,293,126,224,56.3,0,1,0,41,79,51.9,61,154,215,20,9,46,40,73,407,0.5,0.23,2320044
Jarred Vanderbilt,57,977,293,119,199,59.8,1,4,25,54,96,56.3,101,213,314,72,52,42,52,110,599,1.39,1,1663861
Cam Reddish,26,750,292,96,263,36.5,33,126,26.2,67,82,81.7,22,82,104,35,33,9,34,68,257,1.03,0.97,4458000
James Johnson,43,853,292,115,260,44.2,27,103,26.2,35,56,62.5,24,114,138,82,37,39,46,101,376,1.78,0.8,16047100
Aron Baynes,50,912,291,121,281,43.1,22,93,23.7,27,37,73,83,171,254,43,15,20,43,113,410,1,0.35,6975610
JaVale McGee,39,569,291,123,238,51.7,5,21,23.8,40,61,65.6,62,133,195,34,18,45,53,97,394,0.64,0.34,4200000
Josh Okogie,52,1090,290,93,233,39.9,27,99,27.3,77,95,81.1,54,86,140,58,49,23,36,111,366,1.61,1.36,2651040
Nerlens Noel,57,1352,289,123,202,60.9,0,3,0,43,61,70.5,130,236,366,45,60,123,61,153,725,0.74,0.98,5000000
Kira Lewis Jr.,46,759,288,112,285,39.3,36,105,34.3,28,35,80,9,46,55,108,33,10,29,72,285,3.72,1.14,3640200
Kenyon Martin Jr.,38,798,285,110,215,51.2,15,51,29.4,50,68,73.5,63,118,181,22,23,35,25,67,398,0.88,0.92,898310
Precious Achiuwa,57,686,277,112,208,53.8,0,0,0,53,103,51.5,70,127,197,27,18,26,41,88,358,0.66,0.44,2582160
David Nwaba,30,679,276,106,218,48.6,17,63,27,47,68,69.1,40,78,118,31,30,21,17,60,326,1.82,1.77,1862250
Dwight Powell,50,765,276,95,162,58.6,5,21,23.8,81,106,76.4,62,119,181,37,30,19,32,109,419,1.16,0.94,10185185
Michael Carter-Williams,31,800,274,105,270,38.9,15,61,24.6,49,80,61.3,39,100,139,129,25,17,69,81,319,1.87,0.36,3000000
Tony Bradley,38,615,270,118,178,66.3,0,3,0,34,51,66.7,81,136,217,32,15,28,30,56,455,1.07,0.5,3542060
Devin Vassell,53,853,263,92,234,39.3,45,120,37.5,34,40,85,19,119,138,46,39,15,18,73,335,2.56,2.17,4033440
Andre Iguodala,57,1222,261,89,234,38,59,175,33.7,24,36,66.7,35,173,208,126,55,32,56,81,469,2.25,0.98,15000000
Jalen McDaniels,39,663,259,99,211,46.9,27,78,34.6,34,48,70.8,30,90,120,39,22,13,37,74,290,1.05,0.6,1517981
Mitchell Robinson,31,853,256,115,176,65.3,0,0,0,26,53,49.1,113,139,252,17,35,45,26,86,491,0.65,1.35,1663861
Damyean Dotson,39,740,254,97,245,39.6,37,130,28.5,23,34,67.6,5,73,78,81,14,4,32,39,240,2.53,0.44,2000000
Drew Eubanks,45,626,253,96,166,57.8,1,1,100,60,87,69,55,136,191,36,17,43,39,71,404,0.92,0.44,1620564
Malachi Flynn,40,719,253,91,247,36.8,38,121,31.4,33,40,82.5,8,80,88,109,30,5,36,54,286,3.03,0.83,1950600
Frank Kaminsky,39,567,249,97,203,47.8,28,73,38.4,27,47,57.4,28,115,143,59,13,15,17,52,336,3.47,0.77,1882867
Patrick Beverley,31,726,249,82,190,43.2,52,125,41.6,33,41,80.5,27,84,111,65,26,24,27,97,332,2.41,0.96,13333333
Mychal Mulder,52,586,248,88,195,45.1,61,157,38.9,11,19,57.9,4,45,49,21,9,9,12,42,209,1.75,0.75,1517981
Grant Williams,56,1014,245,90,209,43.1,43,115,37.4,22,40,55,43,111,154,54,30,21,49,142,318,1.1,0.61,2498760
R.J. Hampton,44,677,244,95,222,42.8,19,67,28.4,35,51,68.6,22,107,129,47,20,7,41,54,263,1.15,0.49,2193480
Willie Cauley-Stein,45,775,244,99,158,62.7,1,10,10,45,72,62.5,57,141,198,29,17,36,23,106,415,1.26,0.74,4000000
Kevin Love,21,502,242,82,203,40.4,45,129,34.9,33,41,80.5,12,130,142,51,12,2,32,23,288,1.59,0.38,31300000
Marc Gasol,46,886,242,82,182,45.1,44,112,39.3,34,46,73.9,36,152,188,94,23,54,52,101,437,1.81,0.44,2564753
Semi Ojeleye,51,884,242,81,204,39.7,56,147,38.1,24,32,75,28,106,134,35,15,0,20,54,275,1.75,0.75,1752950
Matisse Thybulle,61,1224,240,96,228,42.1,40,133,30.1,8,18,44.4,30,89,119,60,96,64,28,122,409,2.14,3.43,2711280
Rodney Hood,52,914,239,91,253,36,34,110,30.9,23,27,85.2,22,75,97,53,23,7,36,73,217,1.47,0.64,10047450
Justin Jackson,33,544,236,86,212,40.6,34,111,30.6,30,35,85.7,14,57,71,51,15,2,31,31,213,1.65,0.48,5029650
Tony Snell,42,884,228,79,154,51.3,59,104,56.7,11,11,100,16,82,98,55,11,11,19,65,309,2.9,0.58,12178571
Isaiah Hartenstein,44,534,226,90,158,57,2,5,40,44,69,63.8,63,114,177,49,18,38,42,99,373,1.17,0.43,1445697
Wesley Matthews,50,965,226,71,212,33.5,54,168,32.1,30,35,85.7,14,63,77,46,32,15,22,70,228,2.09,1.46,3623000
Caleb Martin,47,690,225,83,219,37.9,26,103,25.2,33,53,62.3,29,98,127,57,32,9,29,53,265,1.97,1.1,1517981
DeAndre' Bembry,44,773,224,89,168,53,9,34,26.5,37,54,68.5,26,91,117,83,37,15,58,65,322,1.43,0.64,1737145
Ish Smith,36,738,224,97,229,42.4,14,38,36.8,16,29,55.2,17,99,116,148,26,11,36,51,344,4.11,0.72,6146341
Jake Layman,42,602,221,87,175,49.7,21,73,28.8,26,37,70.3,13,51,64,28,29,17,26,41,234,1.08,1.12,3761085
Brandon Goodwin,45,609,220,81,219,37,31,102,30.4,27,41,65.9,8,60,68,92,15,0,36,40,207,2.56,0.42,1701593
Moritz Wagner,37,507,220,75,161,46.6,19,58,32.8,51,64,79.7,18,88,106,40,22,13,31,80,271,1.29,0.71,2383915
Obi Toppin,54,602,218,89,184,48.4,21,74,28.4,19,26,73.1,23,99,122,25,14,12,23,49,266,1.09,0.61,4862040
Sekou Doumbouya,50,701,216,79,222,35.6,23,97,23.7,35,49,71.4,28,83,111,37,20,5,36,79,196,1.03,0.56,3449400
Trevor Ariza,24,655,214,74,182,40.7,38,110,34.5,28,38,73.7,20,91,111,45,21,16,17,41,272,2.65,1.24,12800000
Torrey Craig,42,636,213,85,173,49.1,30,79,38,13,18,72.2,45,114,159,39,24,23,20,63,345,1.95,1.2,1678854
Gorgui Dieng,31,468,212,67,127,52.8,28,59,47.5,50,58,86.2,33,87,120,36,21,15,27,50,309,1.33,0.78,17587688
Kevon Looney,53,949,211,91,168,54.2,4,17,23.5,25,38,65.8,100,153,253,105,20,19,33,113,485,3.18,0.61,4821429
Nemanja Bjelica,35,537,210,78,175,44.6,20,74,27,34,47,72.3,25,92,117,59,11,4,31,64,260,1.9,0.36,7150000
George Hill,22,522,208,76,158,48.1,25,66,37.9,31,39,79.5,15,36,51,57,15,5,21,18,225,2.71,0.71,9590602
Cody Martin,52,849,207,83,188,44.1,16,58,27.6,25,43,58.1,52,109,161,86,37,12,40,52,340,2.15,0.93,1517981
Jevon Carter,52,598,202,76,184,41.3,47,130,36.2,3,6,50,13,64,77,60,25,9,13,52,249,4.62,1.92,3549383
Nassir Little,43,597,200,69,155,44.5,27,78,34.6,35,44,79.5,30,89,119,22,5,13,16,50,248,1.38,0.31,2210640
Rajon Rondo,39,646,198,80,184,43.5,28,75,37.3,10,11,90.9,14,75,89,159,31,4,60,50,316,2.65,0.52,7500000
Tyler Johnson,36,627,195,66,170,38.8,45,124,36.3,18,21,85.7,6,63,69,41,14,0,15,37,197,2.73,0.93,2028594
Austin Rivers,28,616,194,73,180,40.6,34,105,32.4,14,19,73.7,6,54,60,58,20,2,25,45,197,2.32,0.8,3174603
Yuta Watanabe,46,637,193,70,154,45.5,31,76,40.8,22,27,81.5,35,108,143,35,22,19,17,54,306,2.06,1.29,321893
Taj Gibson,37,760,192,79,126,62.7,3,14,21.4,31,45,68.9,81,121,202,26,28,34,20,79,401,1.3,1.4,3283684
Goga Bitadze,37,419,189,70,153,45.8,15,56,26.8,34,45,75.6,48,71,119,26,8,46,16,71,278,1.63,0.5,2957520
Mike Scott,43,735,184,65,175,37.1,46,133,34.6,8,12,66.7,9,98,107,30,23,7,18,64,219,1.67,1.28,5005350
D.J. Wilson,35,433,183,68,168,40.5,30,87,34.5,17,25,68,20,92,112,23,11,16,22,44,215,1.05,0.5,4548280
Jarrett Culver,34,499,180,69,168,41.1,13,53,24.5,29,48,60.4,34,70,104,24,17,9,28,58,188,0.86,0.61,6104280
P.J. Tucker,45,1214,179,62,162,38.3,37,107,34.6,18,24,75,47,142,189,52,36,20,37,113,333,1.41,0.97,7969537
Stanley Johnson,54,789,179,61,160,38.1,32,97,33,25,30,83.3,22,99,121,68,41,17,43,95,279,1.58,0.95,3801000
Patrick Patterson,36,510,174,63,145,43.4,36,99,36.4,12,16,75,16,52,68,22,13,8,11,44,188,2,1.18,3814768
Onyeka Okongwu,43,500,172,71,114,62.3,0,3,0,30,47,63.8,44,82,126,10,18,28,23,90,271,0.44,0.78,5813640
Avery Bradley,26,577,171,63,165,38.2,33,98,33.7,12,15,80,7,47,54,43,20,4,26,53,161,1.65,0.77,5635000
Aaron Nesmith,39,535,168,60,137,43.8,34,89,38.2,14,20,70,22,75,97,14,13,9,20,65,198,0.7,0.65,3458400
Langston Galloway,36,386,165,58,123,47.2,32,71,45.1,17,17,100,5,33,38,24,8,0,13,23,157,1.85,0.62,2028594
Nicolas Claxton,25,462,164,70,120,58.3,1,5,20,23,46,50,35,89,124,27,19,30,14,52,277,1.93,1.36,1517981
Dylan Windler,31,513,161,57,130,43.8,26,77,33.8,21,27,77.8,20,87,107,33,19,12,32,37,221,1.03,0.59,2137440
Troy Brown Jr.,34,523,161,62,144,43.1,22,70,31.4,15,21,71.4,20,85,105,29,10,6,21,49,202,1.38,0.48,3372840
Abdel Nader,24,355,160,57,116,49.1,18,43,41.9,28,37,75.7,7,55,62,19,10,9,19,34,173,1,0.53,1752950
Chimezie Metu,30,332,160,66,122,54.1,5,17,29.4,23,33,69.7,27,52,79,21,11,15,22,48,198,0.96,0.5,700000
Thanasis Antetokounmpo,51,511,160,67,130,51.5,7,27,25.9,19,41,46.3,54,68,122,43,19,10,41,70,228,1.05,0.46,1701593
Dennis Smith Jr.,23,420,154,58,145,40,19,58,32.8,19,26,73.1,12,43,55,77,23,14,26,37,203,2.96,0.89,5686677
Justise Winslow,24,464,153,65,191,34,6,48,12.5,17,29,58.6,16,87,103,44,15,12,34,43,155,1.29,0.44,13000000
Thomas Bryant,10,271,143,59,91,64.8,9,21,42.9,16,24,66.7,18,43,61,15,4,8,11,31,180,1.36,0.36,8333333
Jordan Nwora,26,230,137,48,109,44,24,53,45.3,17,21,81,4,40,44,7,14,5,20,19,122,0.35,0.7,898310
John Konchar,37,483,131,48,107,44.9,15,42,35.7,20,24,83.3,27,75,102,40,30,7,17,35,230,2.35,1.77,2093023
Maurice Harkless,30,577,127,44,108,40.7,16,57,28.1,23,28,82.1,10,52,62,27,21,15,18,67,165,1.5,1.17,3623000
Matt Thomas,38,286,124,45,108,41.7,25,67,37.3,9,10,90,5,29,34,15,3,0,13,15,99,1.15,0.23,1517981
Oshae Brissett,12,276,124,40,79,50.6,19,42,45.2,25,34,73.5,17,54,71,10,8,17,5,18,177,2,1.6,557453
Zeke Nnaji,40,363,122,45,95,47.4,20,53,37.7,12,15,80,13,45,58,8,6,4,7,28,138,1.14,0.86,2379840
Glenn Robinson III,23,369,121,42,99,42.4,16,44,36.4,21,23,91.3,11,34,45,20,4,3,11,23,123,1.82,0.36,930930
Gary Clark,37,641,119,40,131,30.5,31,108,28.7,8,10,80,33,80,113,30,12,7,17,34,171,1.77,0.71,2000000
Trey Lyles,23,358,115,43,90,47.8,14,40,35,15,23,65.2,9,77,86,14,6,1,6,13,161,2.33,1,5500000
Damian Jones,31,360,114,41,56,73.2,0,1,0,32,42,76.2,25,48,73,14,7,15,18,58,180,0.78,0.39,1023250
Ryan Arcidiacono,39,412,114,41,103,39.8,19,58,32.8,13,20,65,5,55,60,49,8,0,8,42,154,6.13,1,3000000
Isaiah Joe,35,312,111,35,106,33,28,83,33.7,13,18,72.2,6,25,31,18,9,4,9,27,88,2,1,898310
Paul Watson,27,297,111,38,82,46.3,30,64,46.9,5,8,62.5,4,41,45,17,6,3,9,36,126,1.89,0.67,1445697
Javonte Green,33,381,109,40,79,50.6,7,23,30.4,22,32,68.8,22,37,59,13,20,4,17,35,139,0.77,1.18,1517981
Killian Hayes,19,449,109,45,135,33.3,11,44,25,8,9,88.9,5,40,45,92,22,7,54,37,130,1.7,0.41,5307120
Markelle Fultz,8,215,103,41,104,39.4,4,16,25,17,19,89.5,5,20,25,43,8,2,18,18,98,2.39,0.44,12288697
E'Twaun Moore,24,348,102,43,102,42.2,8,29,27.6,8,10,80,13,29,42,35,14,4,18,31,118,1.94,0.78,2331593
Alfonzo McKinnie,35,222,101,39,75,52,14,32,43.8,9,17,52.9,17,29,46,6,5,0,4,21,110,1.5,1.25,1762796
Al-Farouq Aminu,22,418,100,38,98,38.8,8,36,22.2,16,19,84.2,21,84,105,31,18,9,28,27,172,1.11,0.64,9720900
Carsen Edwards,25,212,98,39,86,45.3,13,46,28.3,7,9,77.8,3,19,22,11,5,1,4,22,84,2.75,1.25,1517981
JaKarr Sampson,25,261,98,40,85,47.1,3,12,25,15,25,60,22,44,66,3,2,13,14,47,113,0.21,0.14,1882867
Miye Oni,46,418,93,31,87,35.6,26,77,33.8,5,6,83.3,19,54,73,21,7,8,15,53,130,1.4,0.47,1517981
Alize Johnson,15,181,92,39,65,60,1,6,16.7,13,13,100,26,63,89,14,5,4,9,15,169,1.56,0.56,399591
DaQuan Jeffries,27,364,91,35,88,39.8,15,49,30.6,6,7,85.7,17,35,52,12,10,10,10,35,111,1.2,1,1445697
Rodney McGruder,16,194,91,37,70,52.9,11,24,45.8,6,8,75,8,14,22,16,8,1,7,12,96,2.29,1.14,5000000
Jahlil Okafor,20,228,88,39,64,60.9,2,6,33.3,8,12,66.7,13,28,41,12,4,4,12,24,108,1,0.33,1882867
Sam Merrill,27,199,84,30,62,48.4,20,41,48.8,4,4,100,6,21,27,20,5,1,10,15,95,2,0.5,898310
Dewayne Dedmon,10,133,83,32,44,72.7,0,3,0,19,22,86.4,21,38,59,4,6,5,9,19,133,0.44,0.67,3447478
Jerome Robinson,17,305,83,28,95,29.5,11,42,26.2,16,20,80,4,34,38,25,12,6,19,31,74,1.32,0.63,3737520
Isaac Bonga,39,426,78,30,80,37.5,13,46,28.3,5,8,62.5,18,48,66,22,11,8,21,60,111,1.05,0.52,1663861
Luke Kornet,25,244,76,30,72,41.7,13,47,27.7,3,6,50,9,40,49,18,2,21,4,11,117,4.5,0.5,2304878
Quinn Cook,23,157,76,29,68,42.6,11,26,42.3,7,8,87.5,2,15,17,18,4,1,7,10,69,2.57,0.57,1797183
Frank Ntilikina,26,266,74,24,65,36.9,18,38,47.4,8,16,50,5,20,25,15,15,2,10,38,72,1.5,1.5,6176578
Darius Miller,18,197,73,22,48,45.8,17,42,40.5,12,12,100,2,22,24,21,13,5,8,13,102,2.63,1.63,7000000
KZ Okpala,33,389,73,29,85,34.1,12,48,25,3,10,30,18,42,60,16,8,8,13,53,89,1.23,0.62,1517981
Josh Green,32,333,72,30,70,42.9,3,20,15,9,15,60,21,39,60,18,10,3,16,23,101,1.13,0.63,2816760
Jaren Jackson Jr.,5,109,68,24,56,42.9,4,23,17.4,16,21,76.2,7,23,30,5,1,9,5,23,71,1,0.2,7257360
Chandler Hutchison,17,229,67,26,71,36.6,4,15,26.7,11,13,84.6,5,53,58,12,5,1,16,23,80,0.75,0.31,2443440
Bol Bol,28,131,66,24,47,51.1,9,20,45,9,14,64.3,0,19,19,7,3,10,13,13,64,0.54,0.23,2058240
Kelan Martin,26,163,66,25,64,39.1,9,28,32.1,7,8,87.5,10,29,39,10,6,5,9,18,77,1.11,0.67,1445697
Justin James,29,195,64,25,54,46.3,6,20,30,8,18,44.4,3,10,13,15,4,1,7,14,51,2.14,0.57,1517981
T.J. Warren,4,117,62,27,51,52.9,0,7,0,8,10,80,2,12,14,5,2,0,4,16,53,1.25,0.5,11750000
Tre Jones,30,177,59,24,54,44.4,2,3,66.7,9,9,100,5,10,15,22,6,0,12,10,60,1.83,0.5,898310
CJ Elleby,24,168,58,21,56,37.5,7,31,22.6,9,13,69.2,10,16,26,6,6,3,5,25,55,1.2,1.2,898310
Anthony Gill,22,162,57,23,42,54.8,6,20,30,5,8,62.5,14,28,42,10,8,3,6,21,92,1.67,1.33,898310
Shaquille Harrison,26,185,52,19,47,40.4,1,5,20,13,16,81.3,5,21,26,14,12,2,8,16,67,1.75,1.5,770433
Mfiondu Kabengele,31,172,51,18,50,36,8,29,27.6,7,9,77.8,3,24,27,12,6,7,10,27,59,1.2,0.6,2075880
Ed Davis,22,293,48,19,44,43.2,0,0,0,10,12,83.3,46,67,113,21,13,13,7,54,174,3,1.86,5005350
Vernon Carey Jr.,16,100,41,16,31,51.6,1,7,14.3,8,9,88.9,4,19,23,2,1,4,5,11,50,0.4,0.2,1350000
Bruno Fernando,30,198,39,13,33,39.4,0,2,0,13,20,65,15,53,68,9,2,3,20,20,74,0.45,0.1,1517981
Jabari Parker,9,103,39,18,33,54.5,0,5,0,3,4,75,7,18,25,7,1,4,7,8,53,1,0.14,6916834
Matthew Dellavedova,13,224,36,14,56,25,4,25,16,4,4,100,6,18,24,58,4,1,6,21,75,9.67,0.67,2174318
Daniel Oturu,25,103,35,15,28,53.6,0,1,0,5,8,62.5,11,17,28,7,1,3,5,14,53,1.4,0.2,898310
Romeo Langford,14,216,34,13,41,31.7,4,15,26.7,4,4,100,11,18,29,8,4,4,8,17,43,1,0.5,3631200
Chris Silva,15,92,32,10,16,62.5,1,1,100,11,15,73.3,7,20,27,6,1,6,10,24,52,0.6,0.1,1517981
Jalen Smith,23,94,32,14,33,42.4,3,12,25,1,3,33.3,6,14,20,2,1,2,5,10,31,0.4,0.2,4245720
Mamadi Diakite,12,102,31,12,29,41.4,1,7,14.3,6,6,100,6,21,27,6,4,5,3,12,53,2,1.33,529341
Rodions Kurucs,21,125,31,11,32,34.4,6,21,28.6,3,4,75,5,18,23,10,9,4,13,16,42,0.77,0.69,1780152
Thon Maker,8,76,30,10,18,55.6,0,2,0,10,11,90.9,8,10,18,4,2,4,3,7,46,1.33,0.67,309355
Elijah Hughes,15,55,25,8,26,30.8,6,20,30,3,4,75,0,7,7,5,1,1,6,1,14,0.83,0.17,898310
Rayjon Tucker,12,49,24,5,11,45.5,2,5,40,12,14,85.7,1,8,9,5,2,0,3,5,29,1.67,0.67,340000
Wenyen Gabriel,14,103,24,8,22,36.4,4,10,40,4,7,57.1,8,14,22,8,4,3,11,13,33,0.73,0.36,1620564
Dante Exum,6,116,23,10,26,38.5,2,11,18.2,1,2,50,2,15,17,13,4,2,7,9,35,1.86,0.57,9600000
Gabriel Deck,3,57,21,9,23,39.1,0,6,0,3,5,60,9,9,18,7,2,0,2,3,30,3.5,1,3870000
Spencer Dinwiddie,3,64,20,6,16,37.5,2,7,28.6,6,6,100,0,13,13,9,2,1,5,4,30,1.8,0.4,11454048
Bruno Caboclo,6,36,17,8,17,47.1,0,5,0,1,2,50,3,11,14,1,0,2,4,6,20,0.25,0,361256
Deividas Sirvydis,16,49,17,5,18,27.8,4,14,28.6,3,4,75,0,11,11,2,1,0,3,4,14,0.67,0.33,898310
Sindarius Thornwell,14,73,17,7,21,33.3,3,9,33.3,0,2,0,1,4,5,4,5,1,4,3,12,1,1.25,747435
Norvel Pelle,10,63,16,6,13,46.2,0,0,0,4,6,66.7,6,10,16,1,1,6,3,12,28,0.33,0.33,717845
Nick Richards,17,61,15,4,8,50,0,1,0,7,11,63.6,2,7,9,2,0,0,3,7,15,0.67,0,1000000
Jahmi'us Ramsey,7,26,14,6,12,50,2,7,28.6,0,0,0,1,4,5,3,1,1,1,1,17,3,1,1000000
Marquese Chriss,2,27,13,5,14,35.7,1,5,20,2,4,50,3,10,13,2,0,2,2,3,17,1,0,1824003
Udoka Azubuike,12,49,12,4,7,57.1,0,0,0,4,6,66.7,4,9,13,0,1,4,3,8,22,0,0.33,1977000
Jontay Porter,9,27,11,3,10,30,2,7,28.6,3,3,100,2,8,10,1,2,0,5,6,12,0.2,0.4,1904762
Tyrell Terry,11,56,11,5,16,31.3,0,7,0,1,3,33.3,0,6,6,6,5,0,2,2,13,3,2.5,1289846
Meyers Leonard,3,29,10,3,7,42.9,3,7,42.9,1,2,50,0,7,7,2,0,0,2,5,12,1,0,9400000
Vincent Poirier,10,39,8,3,12,25,0,1,0,2,6,33.3,6,8,14,2,0,3,4,8,10,0.5,0,2619207
Jared Dudley,11,76,6,2,7,28.6,2,5,40,0,0,0,4,15,19,5,1,1,2,7,25,2.5,0.5,2564753
Jalen Lecque,4,12,5,1,9,11.1,0,1,0,3,3,100,2,3,5,2,0,0,0,0,4,0,0,1517981
Kris Dunn,3,42,5,1,11,9.1,0,2,0,3,4,75,0,4,4,2,2,2,3,9,1,0.67,0.67,4767000
Patrick McCaw,5,33,5,1,1,100,0,0,0,3,3,100,1,2,3,4,2,0,0,6,14,0,0,4000000
Ignas Brazdeikis,5,15,2,0,4,0,0,1,0,2,2,100,1,3,4,1,0,0,1,0,2,1,0,1517981
Iman Shumpert,2,11,2,1,4,25,0,3,0,0,0,0,1,0,1,0,1,0,1,0,0,0,1,447155
T.J. Leaf,2,13,2,1,2,50,0,0,0,0,0,0,0,0,0,0,1,1,1,0,2,0,1,4326825
Terrance Ferguson,13,49,2,1,7,14.3,0,5,0,0,0,0,0,1,1,2,1,0,4,7,-4,0.5,0.25,3944013
Noah Vonleh,4,11,0,0,3,0,0,2,0,0,0,0,0,1,1,1,0,0,2,2,-3,0.5,0,263995
